-- phpMyAdmin SQL Dump
-- version 4.3.12
-- http://www.phpmyadmin.net
--
-- Client :  localhost
-- Généré le :  Lun 30 Mars 2015 à 16:57
-- Version du serveur :  5.6.23
-- Version de PHP :  5.5.14

SET SQL_MODE = "NO_AUTO_VALUE_ON_ZERO";
SET time_zone = "+00:00";


/*!40101 SET @OLD_CHARACTER_SET_CLIENT=@@CHARACTER_SET_CLIENT */;
/*!40101 SET @OLD_CHARACTER_SET_RESULTS=@@CHARACTER_SET_RESULTS */;
/*!40101 SET @OLD_COLLATION_CONNECTION=@@COLLATION_CONNECTION */;
/*!40101 SET NAMES utf8 */;

--
-- Base de données :  `tv`
--

-- --------------------------------------------------------

--
-- Structure de la table `CHAINE`
--

CREATE TABLE IF NOT EXISTS `CHAINE` (
  `NOM` varchar(10) NOT NULL,
  `LOGO` varchar(50) DEFAULT NULL
) ENGINE=InnoDB DEFAULT CHARSET=latin1;

--
-- Contenu de la table `CHAINE`
--

INSERT INTO `CHAINE` (`NOM`, `LOGO`) VALUES
('Canal +', 'IMG/canal+.png'),
('France 2', 'IMG/france2.png'),
('France 3', 'IMG/france3.png'),
('France 5', 'IMG/france5.png'),
('M6', 'IMG/m6.png'),
('TF1', 'IMG/tf1.png');

-- --------------------------------------------------------

--
-- Structure de la table `COMMENTER`
--

CREATE TABLE IF NOT EXISTS `COMMENTER` (
  `IDE` int(6) NOT NULL DEFAULT '0',
  `IDU` int(6) NOT NULL DEFAULT '0',
  `COMMENTAIRE` varchar(50) DEFAULT NULL,
  `DATECOMM` date NOT NULL,
  `HEURECOMM` time NOT NULL
) ENGINE=InnoDB DEFAULT CHARSET=latin1;

-- --------------------------------------------------------

--
-- Structure de la table `DIFFUSER`
--

CREATE TABLE IF NOT EXISTS `DIFFUSER` (
  `IDE` int(6) NOT NULL,
  `NOM` varchar(10) NOT NULL,
  `DATEDIFF` date NOT NULL,
  `HEUREDIFF` time NOT NULL
) ENGINE=InnoDB DEFAULT CHARSET=latin1;

--
-- Contenu de la table `DIFFUSER`
--

INSERT INTO `DIFFUSER` (`IDE`, `NOM`, `DATEDIFF`, `HEUREDIFF`) VALUES
(1, 'Canal +', '2015-04-01', '10:00:00'),
(1, 'Canal +', '2015-04-03', '05:55:00'),
(1, 'Canal +', '2015-04-03', '09:55:00'),
(1, 'Canal +', '2015-04-06', '03:00:00'),
(1, 'Canal +', '2015-04-07', '00:45:00'),
(1, 'Canal +', '2015-04-07', '18:25:00'),
(1, 'Canal +', '2015-04-08', '03:55:00'),
(2, 'Canal +', '2015-04-01', '14:15:00'),
(2, 'Canal +', '2015-04-02', '06:20:00'),
(2, 'Canal +', '2015-04-05', '13:25:00'),
(2, 'Canal +', '2015-04-06', '14:05:00'),
(2, 'Canal +', '2015-04-06', '21:15:00'),
(2, 'Canal +', '2015-04-07', '15:55:00'),
(2, 'Canal +', '2015-04-07', '20:25:00'),
(3, 'Canal +', '2015-04-01', '15:20:00'),
(3, 'Canal +', '2015-04-02', '22:55:00'),
(3, 'Canal +', '2015-04-05', '03:15:00'),
(3, 'Canal +', '2015-04-06', '12:25:00'),
(3, 'Canal +', '2015-04-08', '00:35:00'),
(4, 'Canal +', '2015-04-02', '12:30:00'),
(4, 'Canal +', '2015-04-04', '12:20:00'),
(4, 'Canal +', '2015-04-05', '10:15:00'),
(5, 'Canal +', '2015-04-01', '12:15:00'),
(5, 'Canal +', '2015-04-03', '01:25:00'),
(5, 'Canal +', '2015-04-03', '07:55:00'),
(5, 'Canal +', '2015-04-04', '08:50:00'),
(5, 'Canal +', '2015-04-04', '12:50:00'),
(5, 'Canal +', '2015-04-07', '06:45:00'),
(6, 'Canal +', '2015-04-02', '17:10:00'),
(6, 'Canal +', '2015-04-04', '06:30:00'),
(6, 'Canal +', '2015-04-04', '18:25:00'),
(6, 'Canal +', '2015-04-06', '00:00:00'),
(6, 'Canal +', '2015-04-06', '16:50:00'),
(6, 'Canal +', '2015-04-08', '02:15:00'),
(6, 'Canal +', '2015-04-08', '05:55:00'),
(7, 'Canal +', '2015-04-02', '02:20:00'),
(7, 'Canal +', '2015-04-02', '13:00:00'),
(7, 'Canal +', '2015-04-03', '03:25:00'),
(7, 'Canal +', '2015-04-03', '17:05:00'),
(7, 'Canal +', '2015-04-03', '23:45:00'),
(7, 'Canal +', '2015-04-04', '02:40:00'),
(7, 'Canal +', '2015-04-05', '06:55:00'),
(7, 'Canal +', '2015-04-05', '21:20:00'),
(7, 'Canal +', '2015-04-06', '02:35:00'),
(7, 'Canal +', '2015-04-07', '00:35:00'),
(8, 'Canal +', '2015-04-01', '17:00:00'),
(8, 'Canal +', '2015-04-02', '13:10:00'),
(8, 'Canal +', '2015-04-02', '20:25:00'),
(8, 'Canal +', '2015-04-04', '00:10:00'),
(8, 'Canal +', '2015-04-04', '22:05:00'),
(8, 'Canal +', '2015-04-05', '21:30:00'),
(8, 'Canal +', '2015-04-06', '08:55:00'),
(8, 'Canal +', '2015-04-06', '18:30:00'),
(8, 'Canal +', '2015-04-07', '21:15:00'),
(9, 'Canal +', '2015-04-02', '00:00:00'),
(9, 'Canal +', '2015-04-02', '15:40:00'),
(9, 'Canal +', '2015-04-02', '19:45:00'),
(9, 'Canal +', '2015-04-03', '05:15:00'),
(9, 'Canal +', '2015-04-03', '12:45:00'),
(9, 'Canal +', '2015-04-04', '08:10:00'),
(9, 'Canal +', '2015-04-04', '17:45:00'),
(9, 'Canal +', '2015-04-05', '00:35:00'),
(9, 'Canal +', '2015-04-05', '08:45:00'),
(9, 'Canal +', '2015-04-05', '14:45:00'),
(10, 'Canal +', '2015-04-02', '05:30:00'),
(10, 'Canal +', '2015-04-02', '07:10:00'),
(10, 'Canal +', '2015-04-02', '16:20:00'),
(10, 'Canal +', '2015-04-03', '00:35:00'),
(10, 'Canal +', '2015-04-03', '11:55:00'),
(10, 'Canal +', '2015-04-03', '21:15:00'),
(10, 'Canal +', '2015-04-05', '09:25:00'),
(10, 'Canal +', '2015-04-06', '08:05:00'),
(10, 'Canal +', '2015-04-07', '09:15:00'),
(10, 'Canal +', '2015-04-07', '23:45:00'),
(11, 'Canal +', '2015-04-02', '18:50:00'),
(11, 'Canal +', '2015-04-04', '14:50:00'),
(11, 'Canal +', '2015-04-06', '01:40:00'),
(11, 'Canal +', '2015-04-06', '05:00:00'),
(12, 'Canal +', '2015-04-02', '10:30:00'),
(12, 'Canal +', '2015-04-03', '19:15:00'),
(12, 'Canal +', '2015-04-04', '02:50:00'),
(12, 'Canal +', '2015-04-04', '20:05:00'),
(12, 'Canal +', '2015-04-05', '04:55:00'),
(12, 'Canal +', '2015-04-05', '17:05:00'),
(12, 'Canal +', '2015-04-07', '04:45:00'),
(13, 'Canal +', '2015-04-03', '03:35:00'),
(13, 'Canal +', '2015-04-05', '07:05:00'),
(13, 'Canal +', '2015-04-06', '14:55:00'),
(13, 'Canal +', '2015-04-07', '10:05:00'),
(14, 'Canal +', '2015-04-01', '08:45:00'),
(14, 'Canal +', '2015-04-05', '10:45:00'),
(14, 'Canal +', '2015-04-06', '11:25:00'),
(15, 'Canal +', '2015-04-01', '06:00:00'),
(15, 'Canal +', '2015-04-01', '09:45:00'),
(15, 'Canal +', '2015-04-01', '12:00:00'),
(15, 'Canal +', '2015-04-01', '15:05:00'),
(15, 'Canal +', '2015-04-03', '23:55:00'),
(15, 'Canal +', '2015-04-05', '21:05:00'),
(15, 'Canal +', '2015-04-06', '02:45:00'),
(15, 'Canal +', '2015-04-06', '16:35:00'),
(15, 'Canal +', '2015-04-06', '21:00:00'),
(16, 'Canal +', '2015-04-02', '02:30:00'),
(16, 'Canal +', '2015-04-05', '14:15:00'),
(16, 'Canal +', '2015-04-05', '20:35:00'),
(16, 'Canal +', '2015-04-06', '07:35:00'),
(16, 'Canal +', '2015-04-07', '08:45:00'),
(17, 'Canal +', '2015-04-02', '00:40:00'),
(17, 'Canal +', '2015-04-03', '15:25:00'),
(17, 'Canal +', '2015-04-03', '22:05:00'),
(17, 'Canal +', '2015-04-04', '04:50:00'),
(17, 'Canal +', '2015-04-05', '11:45:00'),
(17, 'Canal +', '2015-04-05', '15:25:00'),
(17, 'Canal +', '2015-04-06', '05:55:00'),
(17, 'Canal +', '2015-04-07', '14:15:00'),
(17, 'Canal +', '2015-04-07', '16:45:00'),
(18, 'Canal +', '2015-04-01', '19:30:00'),
(18, 'Canal +', '2015-04-03', '13:25:00'),
(18, 'Canal +', '2015-04-03', '17:15:00'),
(18, 'Canal +', '2015-04-04', '15:45:00'),
(18, 'Canal +', '2015-04-05', '01:15:00'),
(18, 'Canal +', '2015-04-07', '02:45:00'),
(19, 'Canal +', '2015-04-01', '06:15:00'),
(19, 'Canal +', '2015-04-01', '21:30:00'),
(19, 'Canal +', '2015-04-02', '03:00:00'),
(19, 'Canal +', '2015-04-02', '08:00:00'),
(19, 'Canal +', '2015-04-06', '22:05:00'),
(19, 'Canal +', '2015-04-07', '11:45:00'),
(20, 'Canal +', '2015-04-04', '10:50:00'),
(20, 'Canal +', '2015-04-05', '19:05:00'),
(1, 'France 2', '2015-04-01', '18:25:00'),
(1, 'France 2', '2015-04-02', '07:45:00'),
(1, 'France 2', '2015-04-03', '16:00:00'),
(1, 'France 2', '2015-04-03', '22:15:00'),
(1, 'France 2', '2015-04-04', '14:55:00'),
(1, 'France 2', '2015-04-04', '21:40:00'),
(1, 'France 2', '2015-04-06', '18:25:00'),
(2, 'France 2', '2015-04-02', '20:25:00'),
(2, 'France 2', '2015-04-03', '04:35:00'),
(2, 'France 2', '2015-04-03', '08:05:00'),
(2, 'France 2', '2015-04-05', '02:15:00'),
(2, 'France 2', '2015-04-06', '07:30:00'),
(2, 'France 2', '2015-04-07', '03:15:00'),
(2, 'France 2', '2015-04-07', '13:25:00'),
(2, 'France 2', '2015-04-07', '18:25:00'),
(3, 'France 2', '2015-04-03', '02:55:00'),
(3, 'France 2', '2015-04-05', '20:30:00'),
(3, 'France 2', '2015-04-06', '05:00:00'),
(3, 'France 2', '2015-04-06', '16:45:00'),
(3, 'France 2', '2015-04-07', '19:15:00'),
(3, 'France 2', '2015-04-07', '23:25:00'),
(4, 'France 2', '2015-04-02', '00:55:00'),
(4, 'France 2', '2015-04-03', '05:55:00'),
(4, 'France 2', '2015-04-04', '04:10:00'),
(4, 'France 2', '2015-04-06', '04:20:00'),
(4, 'France 2', '2015-04-07', '02:45:00'),
(4, 'France 2', '2015-04-07', '06:35:00'),
(4, 'France 2', '2015-04-08', '01:05:00'),
(5, 'France 2', '2015-04-01', '16:25:00'),
(5, 'France 2', '2015-04-01', '21:15:00'),
(5, 'France 2', '2015-04-02', '09:45:00'),
(5, 'France 2', '2015-04-02', '16:25:00'),
(5, 'France 2', '2015-04-03', '08:55:00'),
(5, 'France 2', '2015-04-03', '12:40:00'),
(5, 'France 2', '2015-04-04', '04:55:00'),
(5, 'France 2', '2015-04-05', '10:00:00'),
(5, 'France 2', '2015-04-05', '15:05:00'),
(5, 'France 2', '2015-04-06', '22:15:00'),
(5, 'France 2', '2015-04-07', '00:45:00'),
(6, 'France 2', '2015-04-01', '23:15:00'),
(6, 'France 2', '2015-04-05', '03:05:00'),
(6, 'France 2', '2015-04-05', '22:10:00'),
(6, 'France 2', '2015-04-07', '16:45:00'),
(6, 'France 2', '2015-04-08', '01:35:00'),
(7, 'France 2', '2015-04-03', '06:25:00'),
(7, 'France 2', '2015-04-04', '02:00:00'),
(7, 'France 2', '2015-04-06', '04:50:00'),
(7, 'France 2', '2015-04-08', '03:15:00'),
(8, 'France 2', '2015-04-05', '05:00:00'),
(8, 'France 2', '2015-04-05', '18:00:00'),
(8, 'France 2', '2015-04-07', '08:40:00'),
(8, 'France 2', '2015-04-07', '14:15:00'),
(9, 'France 2', '2015-04-01', '06:00:00'),
(9, 'France 2', '2015-04-01', '07:40:00'),
(9, 'France 2', '2015-04-02', '03:55:00'),
(9, 'France 2', '2015-04-02', '05:25:00'),
(9, 'France 2', '2015-04-02', '23:15:00'),
(9, 'France 2', '2015-04-04', '06:55:00'),
(9, 'France 2', '2015-04-04', '09:15:00'),
(9, 'France 2', '2015-04-07', '07:05:00'),
(9, 'France 2', '2015-04-08', '03:25:00'),
(10, 'France 2', '2015-04-01', '20:25:00'),
(10, 'France 2', '2015-04-02', '04:35:00'),
(10, 'France 2', '2015-04-03', '14:40:00'),
(10, 'France 2', '2015-04-04', '12:25:00'),
(10, 'France 2', '2015-04-05', '07:30:00'),
(10, 'France 2', '2015-04-06', '06:40:00'),
(10, 'France 2', '2015-04-06', '21:25:00'),
(11, 'France 2', '2015-04-02', '11:45:00'),
(11, 'France 2', '2015-04-03', '19:40:00'),
(11, 'France 2', '2015-04-04', '23:40:00'),
(11, 'France 2', '2015-04-05', '12:00:00'),
(11, 'France 2', '2015-04-05', '17:05:00'),
(11, 'France 2', '2015-04-06', '15:20:00'),
(11, 'France 2', '2015-04-07', '07:45:00'),
(12, 'France 2', '2015-04-02', '01:25:00'),
(12, 'France 2', '2015-04-02', '12:40:00'),
(12, 'France 2', '2015-04-02', '18:25:00'),
(12, 'France 2', '2015-04-03', '00:55:00'),
(12, 'France 2', '2015-04-04', '16:55:00'),
(12, 'France 2', '2015-04-06', '13:20:00'),
(12, 'France 2', '2015-04-07', '04:05:00'),
(12, 'France 2', '2015-04-07', '11:10:00'),
(13, 'France 2', '2015-04-01', '14:45:00'),
(13, 'France 2', '2015-04-02', '06:05:00'),
(13, 'France 2', '2015-04-04', '13:15:00'),
(13, 'France 2', '2015-04-05', '12:55:00'),
(13, 'France 2', '2015-04-08', '04:20:00'),
(14, 'France 2', '2015-04-01', '06:40:00'),
(14, 'France 2', '2015-04-02', '23:55:00'),
(14, 'France 2', '2015-04-03', '10:55:00'),
(14, 'France 2', '2015-04-04', '20:40:00'),
(14, 'France 2', '2015-04-06', '20:25:00'),
(15, 'France 2', '2015-04-01', '14:30:00'),
(15, 'France 2', '2015-04-02', '16:10:00'),
(15, 'France 2', '2015-04-03', '12:25:00'),
(15, 'France 2', '2015-04-04', '01:45:00'),
(15, 'France 2', '2015-04-04', '04:40:00'),
(15, 'France 2', '2015-04-04', '20:25:00'),
(15, 'France 2', '2015-04-05', '04:45:00'),
(15, 'France 2', '2015-04-07', '13:10:00'),
(15, 'France 2', '2015-04-08', '04:05:00'),
(16, 'France 2', '2015-04-01', '10:20:00'),
(16, 'France 2', '2015-04-01', '14:00:00'),
(16, 'France 2', '2015-04-02', '03:25:00'),
(16, 'France 2', '2015-04-03', '05:25:00'),
(16, 'France 2', '2015-04-03', '11:55:00'),
(16, 'France 2', '2015-04-03', '15:30:00'),
(16, 'France 2', '2015-04-05', '14:35:00'),
(16, 'France 2', '2015-04-06', '16:15:00'),
(16, 'France 2', '2015-04-07', '00:15:00'),
(16, 'France 2', '2015-04-07', '06:05:00'),
(17, 'France 2', '2015-04-01', '10:50:00'),
(17, 'France 2', '2015-04-03', '18:00:00'),
(17, 'France 2', '2015-04-03', '20:35:00'),
(17, 'France 2', '2015-04-04', '07:35:00'),
(17, 'France 2', '2015-04-05', '00:35:00'),
(17, 'France 2', '2015-04-05', '08:20:00'),
(18, 'France 2', '2015-04-01', '08:20:00'),
(18, 'France 2', '2015-04-02', '21:15:00'),
(18, 'France 2', '2015-04-04', '02:10:00'),
(18, 'France 2', '2015-04-05', '23:50:00'),
(18, 'France 2', '2015-04-06', '09:50:00'),
(19, 'France 2', '2015-04-04', '09:55:00'),
(19, 'France 2', '2015-04-06', '01:50:00'),
(19, 'France 2', '2015-04-07', '20:55:00'),
(20, 'France 2', '2015-04-01', '12:30:00'),
(20, 'France 2', '2015-04-02', '14:40:00'),
(20, 'France 2', '2015-04-03', '06:35:00'),
(20, 'France 2', '2015-04-04', '00:15:00'),
(20, 'France 2', '2015-04-04', '18:55:00'),
(20, 'France 2', '2015-04-06', '08:20:00'),
(20, 'France 2', '2015-04-06', '11:50:00'),
(1, 'France 3', '2015-04-01', '16:30:00'),
(1, 'France 3', '2015-04-02', '08:20:00'),
(1, 'France 3', '2015-04-03', '03:25:00'),
(1, 'France 3', '2015-04-04', '07:05:00'),
(1, 'France 3', '2015-04-04', '10:45:00'),
(1, 'France 3', '2015-04-06', '01:40:00'),
(1, 'France 3', '2015-04-06', '15:00:00'),
(1, 'France 3', '2015-04-06', '21:15:00'),
(2, 'France 3', '2015-04-01', '15:40:00'),
(2, 'France 3', '2015-04-01', '23:30:00'),
(2, 'France 3', '2015-04-03', '23:45:00'),
(2, 'France 3', '2015-04-04', '02:35:00'),
(2, 'France 3', '2015-04-05', '15:00:00'),
(2, 'France 3', '2015-04-07', '15:05:00'),
(3, 'France 3', '2015-04-02', '05:20:00'),
(3, 'France 3', '2015-04-03', '08:10:00'),
(3, 'France 3', '2015-04-05', '12:50:00'),
(3, 'France 3', '2015-04-06', '17:50:00'),
(3, 'France 3', '2015-04-08', '00:45:00'),
(4, 'France 3', '2015-04-02', '02:20:00'),
(4, 'France 3', '2015-04-05', '04:40:00'),
(4, 'France 3', '2015-04-05', '19:10:00'),
(5, 'France 3', '2015-04-01', '13:40:00'),
(5, 'France 3', '2015-04-02', '19:20:00'),
(5, 'France 3', '2015-04-03', '10:40:00'),
(5, 'France 3', '2015-04-06', '13:00:00'),
(5, 'France 3', '2015-04-06', '23:15:00'),
(5, 'France 3', '2015-04-07', '09:35:00'),
(5, 'France 3', '2015-04-07', '15:55:00'),
(6, 'France 3', '2015-04-01', '06:00:00'),
(6, 'France 3', '2015-04-02', '15:10:00'),
(6, 'France 3', '2015-04-02', '21:20:00'),
(6, 'France 3', '2015-04-04', '03:25:00'),
(6, 'France 3', '2015-04-05', '15:50:00'),
(6, 'France 3', '2015-04-05', '23:20:00'),
(6, 'France 3', '2015-04-07', '01:15:00'),
(6, 'France 3', '2015-04-07', '07:45:00'),
(6, 'France 3', '2015-04-08', '03:10:00'),
(7, 'France 3', '2015-04-03', '03:15:00'),
(7, 'France 3', '2015-04-07', '07:35:00'),
(7, 'France 3', '2015-04-07', '09:25:00'),
(7, 'France 3', '2015-04-07', '19:55:00'),
(8, 'France 3', '2015-04-03', '19:35:00'),
(8, 'France 3', '2015-04-05', '02:10:00'),
(8, 'France 3', '2015-04-05', '05:10:00'),
(8, 'France 3', '2015-04-06', '06:10:00'),
(8, 'France 3', '2015-04-08', '04:50:00'),
(9, 'France 3', '2015-04-01', '08:30:00'),
(9, 'France 3', '2015-04-03', '01:30:00'),
(9, 'France 3', '2015-04-04', '23:30:00'),
(9, 'France 3', '2015-04-05', '20:40:00'),
(9, 'France 3', '2015-04-06', '01:00:00'),
(9, 'France 3', '2015-04-06', '08:40:00'),
(9, 'France 3', '2015-04-07', '11:35:00'),
(10, 'France 3', '2015-04-01', '07:40:00'),
(10, 'France 3', '2015-04-01', '18:30:00'),
(10, 'France 3', '2015-04-02', '02:50:00'),
(10, 'France 3', '2015-04-02', '07:30:00'),
(10, 'France 3', '2015-04-02', '16:50:00'),
(10, 'France 3', '2015-04-03', '02:10:00'),
(10, 'France 3', '2015-04-03', '09:50:00'),
(10, 'France 3', '2015-04-03', '18:45:00'),
(10, 'France 3', '2015-04-06', '17:00:00'),
(10, 'France 3', '2015-04-07', '14:15:00'),
(11, 'France 3', '2015-04-04', '18:25:00'),
(12, 'France 3', '2015-04-01', '09:10:00'),
(12, 'France 3', '2015-04-04', '05:05:00'),
(12, 'France 3', '2015-04-04', '14:25:00'),
(12, 'France 3', '2015-04-05', '00:10:00'),
(12, 'France 3', '2015-04-05', '21:20:00'),
(12, 'France 3', '2015-04-06', '11:00:00'),
(12, 'France 3', '2015-04-07', '12:15:00'),
(13, 'France 3', '2015-04-01', '19:20:00'),
(13, 'France 3', '2015-04-02', '03:40:00'),
(13, 'France 3', '2015-04-02', '11:20:00'),
(13, 'France 3', '2015-04-02', '13:30:00'),
(13, 'France 3', '2015-04-02', '17:40:00'),
(13, 'France 3', '2015-04-03', '12:40:00'),
(13, 'France 3', '2015-04-04', '12:45:00'),
(13, 'France 3', '2015-04-04', '19:20:00'),
(13, 'France 3', '2015-04-05', '17:30:00'),
(13, 'France 3', '2015-04-06', '09:20:00'),
(14, 'France 3', '2015-04-02', '10:20:00'),
(14, 'France 3', '2015-04-05', '09:10:00'),
(14, 'France 3', '2015-04-05', '11:50:00'),
(14, 'France 3', '2015-04-05', '19:40:00'),
(14, 'France 3', '2015-04-07', '04:55:00'),
(14, 'France 3', '2015-04-07', '23:45:00'),
(15, 'France 3', '2015-04-03', '03:00:00'),
(15, 'France 3', '2015-04-03', '07:55:00'),
(15, 'France 3', '2015-04-03', '16:00:00'),
(15, 'France 3', '2015-04-06', '19:30:00'),
(15, 'France 3', '2015-04-08', '02:55:00'),
(16, 'France 3', '2015-04-02', '07:00:00'),
(16, 'France 3', '2015-04-02', '13:00:00'),
(16, 'France 3', '2015-04-05', '14:30:00'),
(16, 'France 3', '2015-04-08', '02:25:00'),
(17, 'France 3', '2015-04-03', '14:20:00'),
(17, 'France 3', '2015-04-03', '22:05:00'),
(17, 'France 3', '2015-04-04', '09:05:00'),
(17, 'France 3', '2015-04-05', '10:10:00'),
(17, 'France 3', '2015-04-07', '05:55:00'),
(17, 'France 3', '2015-04-07', '22:05:00'),
(18, 'France 3', '2015-04-02', '00:20:00'),
(18, 'France 3', '2015-04-04', '00:35:00'),
(18, 'France 3', '2015-04-04', '16:25:00'),
(18, 'France 3', '2015-04-07', '02:55:00'),
(18, 'France 3', '2015-04-07', '17:55:00'),
(18, 'France 3', '2015-04-07', '20:05:00'),
(19, 'France 3', '2015-04-01', '11:10:00'),
(19, 'France 3', '2015-04-01', '21:00:00'),
(19, 'France 3', '2015-04-02', '23:00:00'),
(19, 'France 3', '2015-04-03', '05:25:00'),
(19, 'France 3', '2015-04-03', '16:15:00'),
(19, 'France 3', '2015-04-04', '21:00:00'),
(19, 'France 3', '2015-04-06', '03:40:00'),
(20, 'France 3', '2015-04-05', '07:40:00'),
(20, 'France 3', '2015-04-06', '19:45:00'),
(1, 'France 5', '2015-04-01', '09:00:00'),
(1, 'France 5', '2015-04-01', '15:30:00'),
(1, 'France 5', '2015-04-01', '22:25:00'),
(1, 'France 5', '2015-04-03', '00:00:00'),
(1, 'France 5', '2015-04-03', '02:30:00'),
(1, 'France 5', '2015-04-03', '09:30:00'),
(1, 'France 5', '2015-04-04', '14:10:00'),
(1, 'France 5', '2015-04-05', '18:25:00'),
(1, 'France 5', '2015-04-06', '03:10:00'),
(1, 'France 5', '2015-04-06', '12:00:00'),
(1, 'France 5', '2015-04-06', '15:30:00'),
(2, 'France 5', '2015-04-01', '18:15:00'),
(2, 'France 5', '2015-04-02', '01:55:00'),
(2, 'France 5', '2015-04-06', '21:45:00'),
(3, 'France 5', '2015-04-01', '06:40:00'),
(3, 'France 5', '2015-04-03', '04:30:00'),
(3, 'France 5', '2015-04-04', '00:05:00'),
(3, 'France 5', '2015-04-04', '12:15:00'),
(3, 'France 5', '2015-04-04', '17:00:00'),
(4, 'France 5', '2015-04-05', '17:55:00'),
(4, 'France 5', '2015-04-06', '20:25:00'),
(5, 'France 5', '2015-04-05', '12:10:00'),
(5, 'France 5', '2015-04-06', '18:25:00'),
(5, 'France 5', '2015-04-06', '22:35:00'),
(5, 'France 5', '2015-04-07', '02:05:00'),
(5, 'France 5', '2015-04-07', '07:35:00'),
(6, 'France 5', '2015-04-01', '12:00:00'),
(6, 'France 5', '2015-04-02', '05:15:00'),
(6, 'France 5', '2015-04-03', '17:45:00'),
(6, 'France 5', '2015-04-06', '07:50:00'),
(6, 'France 5', '2015-04-07', '20:15:00'),
(6, 'France 5', '2015-04-08', '01:15:00'),
(7, 'France 5', '2015-04-03', '07:40:00'),
(7, 'France 5', '2015-04-04', '04:15:00'),
(7, 'France 5', '2015-04-05', '08:45:00'),
(7, 'France 5', '2015-04-07', '23:55:00'),
(8, 'France 5', '2015-04-02', '12:30:00'),
(8, 'France 5', '2015-04-04', '04:25:00'),
(8, 'France 5', '2015-04-05', '05:25:00'),
(8, 'France 5', '2015-04-05', '08:55:00'),
(8, 'France 5', '2015-04-07', '04:05:00'),
(8, 'France 5', '2015-04-07', '13:45:00'),
(9, 'France 5', '2015-04-01', '06:00:00'),
(9, 'France 5', '2015-04-01', '08:20:00'),
(9, 'France 5', '2015-04-02', '06:55:00'),
(9, 'France 5', '2015-04-02', '23:20:00'),
(9, 'France 5', '2015-04-04', '06:55:00'),
(9, 'France 5', '2015-04-04', '09:35:00'),
(9, 'France 5', '2015-04-04', '20:40:00'),
(9, 'France 5', '2015-04-06', '07:10:00'),
(9, 'France 5', '2015-04-08', '00:05:00'),
(10, 'France 5', '2015-04-01', '14:40:00'),
(10, 'France 5', '2015-04-02', '19:30:00'),
(10, 'France 5', '2015-04-03', '23:15:00'),
(10, 'France 5', '2015-04-04', '16:10:00'),
(10, 'France 5', '2015-04-05', '01:35:00'),
(10, 'France 5', '2015-04-05', '07:55:00'),
(10, 'France 5', '2015-04-05', '22:55:00'),
(10, 'France 5', '2015-04-06', '20:55:00'),
(10, 'France 5', '2015-04-08', '02:55:00'),
(11, 'France 5', '2015-04-02', '07:35:00'),
(11, 'France 5', '2015-04-06', '02:15:00'),
(11, 'France 5', '2015-04-06', '17:30:00'),
(11, 'France 5', '2015-04-07', '16:15:00'),
(11, 'France 5', '2015-04-07', '19:20:00'),
(12, 'France 5', '2015-04-03', '13:15:00'),
(12, 'France 5', '2015-04-04', '01:45:00'),
(12, 'France 5', '2015-04-04', '07:35:00'),
(12, 'France 5', '2015-04-04', '18:40:00'),
(12, 'France 5', '2015-04-05', '14:25:00'),
(12, 'France 5', '2015-04-06', '00:15:00'),
(12, 'France 5', '2015-04-06', '05:10:00'),
(13, 'France 5', '2015-04-01', '20:45:00'),
(13, 'France 5', '2015-04-03', '07:50:00'),
(13, 'France 5', '2015-04-03', '21:35:00'),
(13, 'France 5', '2015-04-07', '12:05:00'),
(13, 'France 5', '2015-04-08', '05:25:00'),
(14, 'France 5', '2015-04-01', '11:00:00'),
(14, 'France 5', '2015-04-01', '13:40:00'),
(14, 'France 5', '2015-04-02', '22:20:00'),
(14, 'France 5', '2015-04-07', '06:35:00'),
(15, 'France 5', '2015-04-01', '18:00:00'),
(15, 'France 5', '2015-04-03', '13:00:00'),
(15, 'France 5', '2015-04-03', '19:25:00'),
(15, 'France 5', '2015-04-03', '21:20:00'),
(15, 'France 5', '2015-04-04', '13:55:00'),
(15, 'France 5', '2015-04-05', '01:20:00'),
(15, 'France 5', '2015-04-05', '02:25:00'),
(15, 'France 5', '2015-04-05', '05:10:00'),
(15, 'France 5', '2015-04-05', '11:25:00'),
(15, 'France 5', '2015-04-05', '14:10:00'),
(16, 'France 5', '2015-04-01', '17:30:00'),
(16, 'France 5', '2015-04-03', '02:00:00'),
(16, 'France 5', '2015-04-04', '03:45:00'),
(16, 'France 5', '2015-04-05', '11:40:00'),
(16, 'France 5', '2015-04-05', '23:45:00'),
(16, 'France 5', '2015-04-07', '18:50:00'),
(16, 'France 5', '2015-04-08', '00:45:00'),
(17, 'France 5', '2015-04-01', '19:05:00'),
(17, 'France 5', '2015-04-03', '19:40:00'),
(17, 'France 5', '2015-04-07', '17:10:00'),
(17, 'France 5', '2015-04-08', '03:45:00'),
(18, 'France 5', '2015-04-02', '17:30:00'),
(18, 'France 5', '2015-04-02', '20:20:00'),
(18, 'France 5', '2015-04-04', '10:15:00'),
(18, 'France 5', '2015-04-07', '21:55:00'),
(19, 'France 5', '2015-04-02', '02:45:00'),
(19, 'France 5', '2015-04-02', '10:00:00'),
(19, 'France 5', '2015-04-02', '15:00:00'),
(19, 'France 5', '2015-04-03', '15:15:00'),
(19, 'France 5', '2015-04-04', '21:20:00'),
(19, 'France 5', '2015-04-05', '02:40:00'),
(19, 'France 5', '2015-04-05', '20:25:00'),
(19, 'France 5', '2015-04-06', '09:30:00'),
(19, 'France 5', '2015-04-07', '09:35:00'),
(20, 'France 5', '2015-04-02', '00:25:00'),
(20, 'France 5', '2015-04-02', '08:30:00'),
(20, 'France 5', '2015-04-03', '06:10:00'),
(20, 'France 5', '2015-04-03', '11:30:00'),
(20, 'France 5', '2015-04-04', '23:50:00'),
(20, 'France 5', '2015-04-05', '16:25:00'),
(20, 'France 5', '2015-04-06', '14:00:00'),
(20, 'France 5', '2015-04-07', '00:35:00'),
(1, 'M6', '2015-04-02', '20:55:00'),
(1, 'M6', '2015-04-03', '20:00:00'),
(1, 'M6', '2015-04-04', '13:45:00'),
(1, 'M6', '2015-04-05', '08:00:00'),
(1, 'M6', '2015-04-05', '13:40:00'),
(1, 'M6', '2015-04-08', '04:10:00'),
(2, 'M6', '2015-04-02', '11:45:00'),
(2, 'M6', '2015-04-02', '20:05:00'),
(2, 'M6', '2015-04-04', '18:55:00'),
(2, 'M6', '2015-04-05', '19:40:00'),
(2, 'M6', '2015-04-07', '21:05:00'),
(3, 'M6', '2015-04-03', '05:20:00'),
(3, 'M6', '2015-04-06', '09:05:00'),
(4, 'M6', '2015-04-02', '19:35:00'),
(4, 'M6', '2015-04-04', '10:45:00'),
(5, 'M6', '2015-04-01', '22:40:00'),
(5, 'M6', '2015-04-02', '07:15:00'),
(5, 'M6', '2015-04-03', '13:10:00'),
(5, 'M6', '2015-04-05', '10:00:00'),
(5, 'M6', '2015-04-06', '14:10:00'),
(5, 'M6', '2015-04-06', '22:00:00'),
(5, 'M6', '2015-04-07', '18:35:00'),
(6, 'M6', '2015-04-01', '06:00:00'),
(6, 'M6', '2015-04-01', '11:00:00'),
(6, 'M6', '2015-04-01', '21:00:00'),
(6, 'M6', '2015-04-02', '01:10:00'),
(6, 'M6', '2015-04-04', '07:20:00'),
(6, 'M6', '2015-04-04', '22:55:00'),
(6, 'M6', '2015-04-07', '04:30:00'),
(6, 'M6', '2015-04-08', '02:30:00'),
(7, 'M6', '2015-04-01', '08:20:00'),
(7, 'M6', '2015-04-01', '12:40:00'),
(7, 'M6', '2015-04-01', '17:40:00'),
(7, 'M6', '2015-04-02', '22:55:00'),
(7, 'M6', '2015-04-04', '03:30:00'),
(7, 'M6', '2015-04-06', '04:50:00'),
(8, 'M6', '2015-04-01', '08:30:00'),
(8, 'M6', '2015-04-02', '09:15:00'),
(8, 'M6', '2015-04-04', '11:15:00'),
(8, 'M6', '2015-04-05', '23:00:00'),
(8, 'M6', '2015-04-06', '11:40:00'),
(8, 'M6', '2015-04-07', '07:00:00'),
(8, 'M6', '2015-04-07', '16:05:00'),
(9, 'M6', '2015-04-01', '07:40:00'),
(9, 'M6', '2015-04-04', '18:15:00'),
(9, 'M6', '2015-04-06', '07:00:00'),
(9, 'M6', '2015-04-06', '17:50:00'),
(9, 'M6', '2015-04-06', '20:30:00'),
(10, 'M6', '2015-04-03', '04:30:00'),
(10, 'M6', '2015-04-03', '10:40:00'),
(10, 'M6', '2015-04-04', '09:55:00'),
(10, 'M6', '2015-04-05', '02:00:00'),
(10, 'M6', '2015-04-06', '01:30:00'),
(10, 'M6', '2015-04-06', '21:10:00'),
(10, 'M6', '2015-04-07', '06:10:00'),
(11, 'M6', '2015-04-01', '14:20:00'),
(11, 'M6', '2015-04-01', '16:45:00'),
(11, 'M6', '2015-04-03', '15:25:00'),
(11, 'M6', '2015-04-04', '09:00:00'),
(11, 'M6', '2015-04-05', '01:05:00'),
(11, 'M6', '2015-04-06', '08:10:00'),
(11, 'M6', '2015-04-06', '10:45:00'),
(11, 'M6', '2015-04-07', '23:55:00'),
(12, 'M6', '2015-04-03', '00:45:00'),
(12, 'M6', '2015-04-03', '08:40:00'),
(12, 'M6', '2015-04-03', '16:20:00'),
(12, 'M6', '2015-04-03', '22:00:00'),
(12, 'M6', '2015-04-04', '00:30:00'),
(12, 'M6', '2015-04-05', '02:50:00'),
(12, 'M6', '2015-04-06', '05:00:00'),
(12, 'M6', '2015-04-07', '00:00:00'),
(13, 'M6', '2015-04-01', '19:20:00'),
(13, 'M6', '2015-04-02', '02:50:00'),
(13, 'M6', '2015-04-03', '07:00:00'),
(13, 'M6', '2015-04-04', '05:40:00'),
(13, 'M6', '2015-04-04', '19:45:00'),
(13, 'M6', '2015-04-05', '04:50:00'),
(13, 'M6', '2015-04-07', '09:45:00'),
(13, 'M6', '2015-04-08', '00:50:00'),
(14, 'M6', '2015-04-04', '02:30:00'),
(14, 'M6', '2015-04-04', '21:55:00'),
(14, 'M6', '2015-04-05', '07:00:00'),
(14, 'M6', '2015-04-05', '18:10:00'),
(15, 'M6', '2015-04-02', '07:00:00'),
(15, 'M6', '2015-04-03', '04:15:00'),
(15, 'M6', '2015-04-03', '15:10:00'),
(15, 'M6', '2015-04-07', '09:30:00'),
(16, 'M6', '2015-04-02', '00:40:00'),
(16, 'M6', '2015-04-04', '00:00:00'),
(16, 'M6', '2015-04-04', '21:25:00'),
(16, 'M6', '2015-04-05', '00:35:00'),
(16, 'M6', '2015-04-05', '06:30:00'),
(16, 'M6', '2015-04-05', '19:10:00'),
(16, 'M6', '2015-04-06', '07:40:00'),
(16, 'M6', '2015-04-07', '20:35:00'),
(17, 'M6', '2015-04-02', '23:05:00'),
(17, 'M6', '2015-04-03', '11:30:00'),
(17, 'M6', '2015-04-03', '18:20:00'),
(17, 'M6', '2015-04-05', '12:00:00'),
(17, 'M6', '2015-04-06', '16:10:00'),
(17, 'M6', '2015-04-07', '12:55:00'),
(18, 'M6', '2015-04-02', '15:05:00'),
(18, 'M6', '2015-04-04', '03:40:00'),
(18, 'M6', '2015-04-06', '18:30:00'),
(18, 'M6', '2015-04-07', '21:55:00'),
(19, 'M6', '2015-04-02', '04:30:00'),
(19, 'M6', '2015-04-02', '12:35:00'),
(19, 'M6', '2015-04-02', '17:05:00'),
(19, 'M6', '2015-04-04', '15:45:00'),
(19, 'M6', '2015-04-05', '15:40:00'),
(19, 'M6', '2015-04-05', '20:30:00'),
(19, 'M6', '2015-04-06', '02:20:00'),
(19, 'M6', '2015-04-07', '02:00:00'),
(20, 'M6', '2015-04-01', '12:50:00'),
(20, 'M6', '2015-04-01', '15:15:00'),
(20, 'M6', '2015-04-01', '17:50:00'),
(20, 'M6', '2015-04-03', '02:45:00'),
(20, 'M6', '2015-04-07', '11:25:00'),
(20, 'M6', '2015-04-07', '14:35:00'),
(1, 'TF1', '2015-04-02', '06:10:00'),
(1, 'TF1', '2015-04-02', '16:40:00'),
(1, 'TF1', '2015-04-02', '21:25:00'),
(1, 'TF1', '2015-04-03', '19:00:00'),
(1, 'TF1', '2015-04-05', '01:10:00'),
(2, 'TF1', '2015-04-01', '19:20:00'),
(2, 'TF1', '2015-04-02', '18:40:00'),
(2, 'TF1', '2015-04-03', '21:50:00'),
(2, 'TF1', '2015-04-03', '23:10:00'),
(2, 'TF1', '2015-04-04', '13:50:00'),
(2, 'TF1', '2015-04-04', '17:25:00'),
(2, 'TF1', '2015-04-04', '21:20:00'),
(2, 'TF1', '2015-04-05', '18:25:00'),
(2, 'TF1', '2015-04-05', '22:15:00'),
(2, 'TF1', '2015-04-07', '05:20:00'),
(2, 'TF1', '2015-04-08', '04:35:00'),
(3, 'TF1', '2015-04-01', '06:00:00'),
(3, 'TF1', '2015-04-02', '19:30:00'),
(3, 'TF1', '2015-04-03', '02:30:00'),
(3, 'TF1', '2015-04-04', '09:20:00'),
(3, 'TF1', '2015-04-05', '12:00:00'),
(3, 'TF1', '2015-04-05', '15:40:00'),
(3, 'TF1', '2015-04-06', '18:45:00'),
(3, 'TF1', '2015-04-07', '02:00:00'),
(3, 'TF1', '2015-04-08', '00:25:00'),
(4, 'TF1', '2015-04-01', '20:40:00'),
(4, 'TF1', '2015-04-03', '22:40:00'),
(4, 'TF1', '2015-04-04', '19:10:00'),
(4, 'TF1', '2015-04-05', '06:30:00'),
(4, 'TF1', '2015-04-07', '01:30:00'),
(4, 'TF1', '2015-04-07', '06:10:00'),
(4, 'TF1', '2015-04-07', '19:10:00'),
(5, 'TF1', '2015-04-01', '09:10:00'),
(5, 'TF1', '2015-04-01', '12:20:00'),
(5, 'TF1', '2015-04-03', '10:00:00'),
(5, 'TF1', '2015-04-04', '22:10:00'),
(5, 'TF1', '2015-04-07', '22:25:00'),
(6, 'TF1', '2015-04-05', '03:10:00'),
(6, 'TF1', '2015-04-05', '09:20:00'),
(7, 'TF1', '2015-04-01', '12:10:00'),
(7, 'TF1', '2015-04-02', '10:40:00'),
(7, 'TF1', '2015-04-03', '12:00:00'),
(7, 'TF1', '2015-04-04', '14:40:00'),
(7, 'TF1', '2015-04-05', '17:20:00'),
(7, 'TF1', '2015-04-06', '23:25:00'),
(8, 'TF1', '2015-04-01', '14:20:00'),
(8, 'TF1', '2015-04-06', '16:15:00'),
(9, 'TF1', '2015-04-02', '10:50:00'),
(9, 'TF1', '2015-04-03', '13:50:00'),
(9, 'TF1', '2015-04-06', '07:15:00'),
(9, 'TF1', '2015-04-07', '14:00:00'),
(9, 'TF1', '2015-04-07', '19:40:00'),
(10, 'TF1', '2015-04-02', '01:40:00'),
(10, 'TF1', '2015-04-03', '04:10:00'),
(10, 'TF1', '2015-04-03', '09:10:00'),
(10, 'TF1', '2015-04-03', '18:10:00'),
(10, 'TF1', '2015-04-03', '21:00:00'),
(10, 'TF1', '2015-04-04', '11:00:00'),
(10, 'TF1', '2015-04-05', '08:30:00'),
(10, 'TF1', '2015-04-06', '02:45:00'),
(10, 'TF1', '2015-04-06', '09:10:00'),
(10, 'TF1', '2015-04-07', '20:35:00'),
(11, 'TF1', '2015-04-03', '01:35:00'),
(11, 'TF1', '2015-04-04', '16:30:00'),
(11, 'TF1', '2015-04-04', '18:15:00'),
(11, 'TF1', '2015-04-05', '17:30:00'),
(11, 'TF1', '2015-04-07', '13:05:00'),
(12, 'TF1', '2015-04-01', '21:10:00'),
(12, 'TF1', '2015-04-04', '03:40:00'),
(12, 'TF1', '2015-04-05', '20:15:00'),
(12, 'TF1', '2015-04-05', '23:05:00'),
(12, 'TF1', '2015-04-06', '12:30:00'),
(12, 'TF1', '2015-04-07', '17:10:00'),
(13, 'TF1', '2015-04-02', '02:30:00'),
(13, 'TF1', '2015-04-02', '12:30:00'),
(13, 'TF1', '2015-04-03', '12:10:00'),
(13, 'TF1', '2015-04-04', '02:00:00'),
(13, 'TF1', '2015-04-05', '04:50:00'),
(13, 'TF1', '2015-04-06', '01:05:00'),
(13, 'TF1', '2015-04-06', '23:50:00'),
(13, 'TF1', '2015-04-07', '11:25:00'),
(14, 'TF1', '2015-04-01', '08:10:00'),
(14, 'TF1', '2015-04-01', '11:10:00'),
(14, 'TF1', '2015-04-01', '23:10:00'),
(14, 'TF1', '2015-04-02', '11:30:00'),
(14, 'TF1', '2015-04-05', '00:10:00'),
(14, 'TF1', '2015-04-05', '11:00:00'),
(14, 'TF1', '2015-04-05', '19:15:00'),
(14, 'TF1', '2015-04-06', '20:25:00'),
(14, 'TF1', '2015-04-07', '21:25:00'),
(15, 'TF1', '2015-04-02', '21:10:00'),
(15, 'TF1', '2015-04-06', '08:25:00'),
(15, 'TF1', '2015-04-06', '14:30:00'),
(15, 'TF1', '2015-04-06', '23:35:00'),
(15, 'TF1', '2015-04-07', '06:40:00'),
(15, 'TF1', '2015-04-07', '20:20:00'),
(16, 'TF1', '2015-04-01', '07:40:00'),
(16, 'TF1', '2015-04-01', '18:50:00'),
(16, 'TF1', '2015-04-01', '20:10:00'),
(16, 'TF1', '2015-04-02', '23:25:00'),
(16, 'TF1', '2015-04-06', '03:35:00'),
(16, 'TF1', '2015-04-06', '07:55:00'),
(16, 'TF1', '2015-04-06', '08:40:00'),
(16, 'TF1', '2015-04-08', '02:05:00'),
(17, 'TF1', '2015-04-02', '23:55:00'),
(17, 'TF1', '2015-04-03', '05:00:00'),
(17, 'TF1', '2015-04-03', '14:30:00'),
(17, 'TF1', '2015-04-04', '05:40:00'),
(17, 'TF1', '2015-04-04', '14:50:00'),
(17, 'TF1', '2015-04-04', '19:40:00'),
(17, 'TF1', '2015-04-06', '04:05:00'),
(17, 'TF1', '2015-04-07', '03:40:00'),
(18, 'TF1', '2015-04-01', '16:50:00'),
(18, 'TF1', '2015-04-02', '04:10:00'),
(18, 'TF1', '2015-04-03', '16:10:00'),
(18, 'TF1', '2015-04-04', '00:00:00'),
(18, 'TF1', '2015-04-04', '07:20:00'),
(18, 'TF1', '2015-04-04', '11:50:00'),
(18, 'TF1', '2015-04-05', '13:40:00'),
(18, 'TF1', '2015-04-06', '21:25:00'),
(18, 'TF1', '2015-04-07', '06:55:00'),
(18, 'TF1', '2015-04-08', '02:35:00'),
(19, 'TF1', '2015-04-02', '08:10:00'),
(19, 'TF1', '2015-04-02', '14:10:00'),
(19, 'TF1', '2015-04-03', '06:40:00'),
(19, 'TF1', '2015-04-06', '10:00:00'),
(19, 'TF1', '2015-04-07', '08:55:00'),
(19, 'TF1', '2015-04-07', '14:40:00'),
(19, 'TF1', '2015-04-08', '05:25:00'),
(20, 'TF1', '2015-04-02', '00:10:00'),
(20, 'TF1', '2015-04-05', '07:00:00'),
(20, 'TF1', '2015-04-06', '05:45:00'),
(20, 'TF1', '2015-04-06', '14:45:00');

-- --------------------------------------------------------

--
-- Structure de la table `EMISSION`
--

CREATE TABLE IF NOT EXISTS `EMISSION` (
  `IDE` int(6) NOT NULL,
  `TITRE` varchar(50) NOT NULL,
  `DUREE` int(5) DEFAULT NULL,
  `RESUME` longtext,
  `TYPE` varchar(20) DEFAULT NULL
) ENGINE=InnoDB DEFAULT CHARSET=latin1;

--
-- Contenu de la table `EMISSION`
--

INSERT INTO `EMISSION` (`IDE`, `TITRE`, `DUREE`, `RESUME`, `TYPE`) VALUES
(1, 'p1', 120, 'Ceci est la description du programme 1', 'Film'),
(2, 'p2', 50, 'Ceci est la description du programme 2', 'Serie'),
(3, 'p3', 100, 'Ceci est la description du programme 3', 'Jeu'),
(4, 'p4', 30, 'Ceci est la description du programme 4', 'Reportage'),
(5, 'p5', 120, 'Ceci est la description du programme 5', 'Film'),
(6, 'p6', 100, 'Ceci est la description du programme 6', 'Jeu'),
(7, 'p7', 10, 'Ceci est la description du programme 7', 'Emission musicale'),
(8, 'p8', 150, 'Ceci est la description du programme 8', 'Film'),
(9, 'p9', 40, 'Ceci est la description du programme 9', 'Serie'),
(10, 'p10', 50, 'Ceci est la description du programme 10', 'Serie'),
(11, 'p11', 55, 'Ceci est la description du programme 11', 'Jeu'),
(12, 'p12', 120, 'Ceci est la description du programme 12', 'Film'),
(13, 'p13', 100, 'Ceci est la description du programme 13', 'Reportage'),
(14, 'p14', 60, 'Ceci est la description du programme 14', 'Jeu'),
(15, 'p15', 15, 'Ceci est la description du programme 15', 'Emission musicale'),
(16, 'p16', 30, 'Ceci est la description du programme 16', 'Jeu'),
(17, 'p17', 100, 'Ceci est la description du programme 17', 'Reportage'),
(18, 'p18', 120, 'Ceci est la description du programme 18', 'Film'),
(19, 'p19', 150, 'Ceci est la description du programme 19', 'Film'),
(20, 'p20', 90, 'Ceci est la description du programme 20', 'Serie');

-- --------------------------------------------------------

--
-- Structure de la table `UTILISATEUR`
--

CREATE TABLE IF NOT EXISTS `UTILISATEUR` (
  `IDU` int(6) NOT NULL,
  `NOM` varchar(20) NOT NULL,
  `PHOTO` varchar(30) DEFAULT NULL,
  `PASSWORD` varchar(8) NOT NULL
) ENGINE=InnoDB AUTO_INCREMENT=5 DEFAULT CHARSET=latin1;

--
-- Contenu de la table `UTILISATEUR`
--

INSERT INTO `UTILISATEUR` (`IDU`, `NOM`, `PHOTO`, `PASSWORD`) VALUES
(1, 'Daenerys Targaryen', 'IMG/u1.jpg', 'user1'),
(2, 'Joffrey Baratheon', 'IMG/u2.jpg', 'user2'),
(3, 'Jon SNow', 'IMG/u3.jpg', 'user3'),
(4, 'Khal Drogo', 'IMG/u4.jpg', 'user4');

--
-- Index pour les tables exportées
--

--
-- Index pour la table `CHAINE`
--
ALTER TABLE `CHAINE`
  ADD PRIMARY KEY (`NOM`);

--
-- Index pour la table `COMMENTER`
--
ALTER TABLE `COMMENTER`
  ADD PRIMARY KEY (`IDE`,`IDU`), ADD KEY `fk_idu_commenter` (`IDU`);

--
-- Index pour la table `DIFFUSER`
--
ALTER TABLE `DIFFUSER`
  ADD PRIMARY KEY (`IDE`,`NOM`,`DATEDIFF`,`HEUREDIFF`), ADD KEY `FK_DIFF_CH` (`NOM`);

--
-- Index pour la table `EMISSION`
--
ALTER TABLE `EMISSION`
  ADD PRIMARY KEY (`IDE`);

--
-- Index pour la table `UTILISATEUR`
--
ALTER TABLE `UTILISATEUR`
  ADD PRIMARY KEY (`IDU`);

--
-- AUTO_INCREMENT pour les tables exportées
--

--
-- AUTO_INCREMENT pour la table `UTILISATEUR`
--
ALTER TABLE `UTILISATEUR`
  MODIFY `IDU` int(6) NOT NULL AUTO_INCREMENT,AUTO_INCREMENT=5;
--
-- Contraintes pour les tables exportées
--

--
-- Contraintes pour la table `COMMENTER`
--
ALTER TABLE `COMMENTER`
ADD CONSTRAINT `fk_ide_commenter` FOREIGN KEY (`IDE`) REFERENCES `EMISSION` (`IDE`),
ADD CONSTRAINT `fk_idu_commenter` FOREIGN KEY (`IDU`) REFERENCES `UTILISATEUR` (`IDU`);

--
-- Contraintes pour la table `DIFFUSER`
--
ALTER TABLE `DIFFUSER`
ADD CONSTRAINT `FK_DIFF_CH` FOREIGN KEY (`NOM`) REFERENCES `CHAINE` (`NOM`),
ADD CONSTRAINT `FK_DIFF_EM` FOREIGN KEY (`IDE`) REFERENCES `EMISSION` (`IDE`);

/*!40101 SET CHARACTER_SET_CLIENT=@OLD_CHARACTER_SET_CLIENT */;
/*!40101 SET CHARACTER_SET_RESULTS=@OLD_CHARACTER_SET_RESULTS */;
/*!40101 SET COLLATION_CONNECTION=@OLD_COLLATION_CONNECTION */;
